{
    "data": [
        {
            "name": "Spot repair",
            "workstations": [
                [ "Spot repair 1", false, "", "-", true, false, false, false, false ],
                [ "Spot repair 2", false, "", "-", true, false, false, false, false ],
                [ "Spot repair 3", false, "", "-", true, false, false, false, false ],
                [ "Spot repair 4", false, "", "-", true, false, false, false, false ]
            ],
            "queue": []
        },
        {
            "name": "Heavy repair",
            "workstations": [
                [ "Heavy repair 1", false, "", "-", true, false, false, false, false ],
                [ "Heavy repair 2", false, "", "-", true, false, false, false, false ]
            ],
            "queue": []
        },
        {
            "name": "ED Sanding Offline",
            "workstations": [ [ "ED Sanding Offline", false, "", "-", true, false, false, false, false ] ],
            "queue": []
        },
        {
            "name": "TC Audit",
            "workstations": [ [ "TC Audit", false, "", "-", true, false, false, false, false ] ],
            "queue": []
        }
    ]
}